{"cameraMode":{"drawMode":0,"name":"Shaded","section":"Shading Mode"},"sceneLighting":true,"audioPlay":false,"sceneViewState":{"showFog":true,"showMaterialUpdate":false,"showSkybox":true,"showFlares":true,"showImageEffects":true,"showParticleSystems":true},"in2DMode":false,"pivot":{"x":499.3192138671875,"y":-54.75786590576172,"z":611.7579956054688},"rotation":{"x":0.21012145280838014,"y":-0.03478233143687248,"z":0.007862226106226445,"w":0.9772183299064636},"size":147.01046752929688,"orthographic":false}