{"cameraMode":{"drawMode":0,"name":"Shaded","section":"Shading Mode"},"sceneLighting":true,"audioPlay":false,"sceneViewState":{"showFog":true,"showMaterialUpdate":false,"showSkybox":true,"showFlares":true,"showImageEffects":true,"showParticleSystems":true},"in2DMode":false,"pivot":{"x":-22.833877563476564,"y":1.3604342937469483,"z":22.154312133789064},"rotation":{"x":0.03517201170325279,"y":-0.2121332436800003,"z":0.007640109397470951,"w":0.9765782356262207},"size":15.773402214050293,"orthographic":false}