{"cameraMode":{"drawMode":0,"name":"Shaded","section":"Shading Mode"},"sceneLighting":false,"audioPlay":false,"sceneViewState":{"showFog":true,"showMaterialUpdate":false,"showSkybox":false,"showFlares":true,"showImageEffects":true,"showParticleSystems":true},"in2DMode":false,"pivot":{"x":0.4717915654182434,"y":1.7443528175354005,"z":-2.644200325012207},"rotation":{"x":0.11892382800579071,"y":0.11560337990522385,"z":0.013797549530863762,"w":-0.9861508011817932},"size":1.4660253524780274,"orthographic":false}