{"cameraMode":{"drawMode":0,"name":"Shaded","section":"Shading Mode"},"sceneLighting":true,"audioPlay":false,"sceneViewState":{"showFog":true,"showMaterialUpdate":false,"showSkybox":true,"showFlares":true,"showImageEffects":true,"showParticleSystems":true},"in2DMode":false,"pivot":{"x":478.5378723144531,"y":20.869966506958009,"z":409.8915710449219},"rotation":{"x":0.16222062706947328,"y":0.21023830771446229,"z":-0.03554220125079155,"w":0.9636355638504028},"size":1.8353819847106934,"orthographic":false}