{"cameraMode":{"drawMode":0,"name":"Shaded","section":"Shading Mode"},"sceneLighting":true,"audioPlay":false,"sceneViewState":{"showFog":true,"showMaterialUpdate":true,"showSkybox":true,"showFlares":true,"showImageEffects":true,"showParticleSystems":true},"in2DMode":false,"pivot":{"x":468.6673583984375,"y":-71.55351257324219,"z":643.0926513671875},"rotation":{"x":0.22932888567447663,"y":-0.1851794570684433,"z":0.044854044914245608,"w":0.954717218875885},"size":166.31236267089845,"orthographic":false}