{"cameraMode":{"drawMode":0,"name":"Shaded","section":"Shading Mode"},"sceneLighting":true,"audioPlay":false,"sceneViewState":{"showFog":true,"showMaterialUpdate":false,"showSkybox":true,"showFlares":true,"showImageEffects":true,"showParticleSystems":true},"in2DMode":false,"pivot":{"x":-10.381941795349121,"y":-83.98876953125,"z":152.89666748046876},"rotation":{"x":-0.2564226984977722,"y":0.03737100958824158,"z":-0.00994040071964264,"w":-0.9658569693565369},"size":96.76060485839844,"orthographic":false}