{"cameraMode":{"drawMode":0,"name":"Shaded","section":"Shading Mode"},"sceneLighting":true,"audioPlay":false,"sceneViewState":{"showFog":true,"showMaterialUpdate":false,"showSkybox":true,"showFlares":true,"showImageEffects":true,"showParticleSystems":true},"in2DMode":false,"pivot":{"x":-29.807758331298829,"y":-3.6819839477539064,"z":137.20242309570313},"rotation":{"x":-0.03009699657559395,"y":0.106512650847435,"z":-0.003604509402066469,"w":-0.9940443634986877},"size":80.40943145751953,"orthographic":false}