{"cameraMode":{"drawMode":0,"name":"Shaded","section":"Shading Mode"},"sceneLighting":true,"audioPlay":false,"sceneViewState":{"showFog":true,"showMaterialUpdate":false,"showSkybox":true,"showFlares":true,"showImageEffects":true,"showParticleSystems":true},"in2DMode":false,"pivot":{"x":9.002693176269532,"y":47.92428970336914,"z":6.26116943359375},"rotation":{"x":0.008993961848318577,"y":-0.024320878088474275,"z":-0.00028334345552138984,"w":-0.9997544884681702},"size":116.62535095214844,"orthographic":false}