{"cameraMode":{"drawMode":0,"name":"Shaded","section":"Shading Mode"},"sceneLighting":true,"audioPlay":false,"sceneViewState":{"showFog":true,"showMaterialUpdate":false,"showSkybox":true,"showFlares":true,"showImageEffects":true,"showParticleSystems":true},"in2DMode":false,"pivot":{"x":4.517719268798828,"y":-34.8388557434082,"z":67.15038299560547},"rotation":{"x":0.27428698539733889,"y":0.015167324803769589,"z":-0.003955599386245012,"w":0.9617694020271301},"size":44.38690948486328,"orthographic":false}