{"cameraMode":{"drawMode":0,"name":"Shaded","section":"Shading Mode"},"sceneLighting":false,"audioPlay":false,"sceneViewState":{"showFog":true,"showMaterialUpdate":false,"showSkybox":false,"showFlares":true,"showImageEffects":true,"showParticleSystems":true},"in2DMode":false,"pivot":{"x":0.5950000286102295,"y":2.7179999351501467,"z":-0.07500001788139343},"rotation":{"x":-0.0647551566362381,"y":0.017060931771993638,"z":-0.001106763957068324,"w":-0.9977564811706543},"size":3.3896543979644777,"orthographic":false}