{"cameraMode":{"drawMode":0,"name":"Shaded","section":"Shading Mode"},"sceneLighting":true,"audioPlay":false,"sceneViewState":{"showFog":true,"showMaterialUpdate":false,"showSkybox":true,"showFlares":true,"showImageEffects":true,"showParticleSystems":true},"in2DMode":false,"pivot":{"x":-0.43969908356666567,"y":-2.381598472595215,"z":15.231407165527344},"rotation":{"x":0.21226292848587037,"y":0.008795957081019879,"z":-0.0019083115039393306,"w":0.9771761894226074},"size":12.178318977355957,"orthographic":false}