{"cameraMode":{"drawMode":0,"name":"Shaded","section":"Shading Mode"},"sceneLighting":false,"audioPlay":false,"sceneViewState":{"showFog":true,"showMaterialUpdate":false,"showSkybox":false,"showFlares":true,"showImageEffects":true,"showParticleSystems":true},"in2DMode":false,"pivot":{"x":1.5249897241592408,"y":0.16766709089279176,"z":2.5367205142974855},"rotation":{"x":-0.0867137536406517,"y":0.10499890893697739,"z":-0.009192119352519513,"w":-0.9906490445137024},"size":8.067962646484375,"orthographic":false}