{"cameraMode":{"drawMode":0,"name":"Shaded","section":"Shading Mode"},"sceneLighting":true,"audioPlay":false,"sceneViewState":{"showFog":true,"showMaterialUpdate":false,"showSkybox":true,"showFlares":true,"showImageEffects":true,"showParticleSystems":true},"in2DMode":false,"pivot":{"x":-5.221958637237549,"y":5.873995780944824,"z":0.3363456726074219},"rotation":{"x":-0.015138082206249237,"y":0.1482200175523758,"z":-0.0022790858056396248,"w":-0.9888597726821899},"size":14.149656295776368,"orthographic":false}