{"cameraMode":{"drawMode":0,"name":"Shaded","section":"Shading Mode"},"sceneLighting":true,"audioPlay":false,"sceneViewState":{"showFog":true,"showMaterialUpdate":false,"showSkybox":true,"showFlares":true,"showImageEffects":true,"showParticleSystems":true},"in2DMode":false,"pivot":{"x":3.859464406967163,"y":7.281932353973389,"z":-9.64216136932373},"rotation":{"x":0.08716682344675064,"y":0.027202818542718889,"z":-0.0023871350567787887,"w":0.9958380460739136},"size":7.237316608428955,"orthographic":false}