{"cameraMode":{"drawMode":0,"name":"Shaded","section":"Shading Mode"},"sceneLighting":true,"audioPlay":false,"sceneViewState":{"showFog":true,"showMaterialUpdate":false,"showSkybox":true,"showFlares":true,"showImageEffects":true,"showParticleSystems":true},"in2DMode":false,"pivot":{"x":-7.778758525848389,"y":1.7011083364486695,"z":-2.6477527618408205},"rotation":{"x":0.04287945479154587,"y":-0.027290103957057,"z":0.0010458743199706078,"w":0.9988773465156555},"size":1.9512711763381959,"orthographic":false}