{"cameraMode":{"drawMode":0,"name":"Shaded","section":"Shading Mode"},"sceneLighting":false,"audioPlay":false,"sceneViewState":{"showFog":true,"showMaterialUpdate":false,"showSkybox":true,"showFlares":true,"showImageEffects":true,"showParticleSystems":true},"in2DMode":false,"pivot":{"x":1.0621076822280884,"y":1.7397918701171876,"z":-1.242018699645996},"rotation":{"x":-0.18492011725902558,"y":-0.012374845333397389,"z":0.0023262619506567718,"w":-0.9827029705047607},"size":6.8372721672058109,"orthographic":false}