{"cameraMode":{"drawMode":0,"name":"Shaded","section":"Shading Mode"},"sceneLighting":true,"audioPlay":false,"sceneViewState":{"showFog":true,"showMaterialUpdate":false,"showSkybox":true,"showFlares":true,"showImageEffects":true,"showParticleSystems":true},"in2DMode":false,"pivot":{"x":6.393741607666016,"y":0.6163332462310791,"z":4.2406415939331059},"rotation":{"x":0.17956353724002839,"y":0.06493499130010605,"z":-0.011632660403847695,"w":0.9816812872886658},"size":3.3786239624023439,"orthographic":false}