{"cameraMode":{"drawMode":0,"name":"Shaded","section":"Shading Mode"},"sceneLighting":false,"audioPlay":false,"sceneViewState":{"showFog":true,"showMaterialUpdate":false,"showSkybox":true,"showFlares":true,"showImageEffects":true,"showParticleSystems":true},"in2DMode":false,"pivot":{"x":-1.5871080160140992,"y":2.050720691680908,"z":1.237784743309021},"rotation":{"x":-0.1753549724817276,"y":0.08936706185340882,"z":-0.015986787155270578,"w":-0.9803394079208374},"size":6.8372721672058109,"orthographic":false}