{"cameraMode":{"drawMode":0,"name":"Shaded","section":"Shading Mode"},"sceneLighting":true,"audioPlay":false,"sceneViewState":{"showFog":true,"showMaterialUpdate":false,"showSkybox":true,"showFlares":true,"showImageEffects":true,"showParticleSystems":true},"in2DMode":false,"pivot":{"x":-0.6581153869628906,"y":-0.48066139221191409,"z":1.0655784606933594},"rotation":{"x":-0.09981703013181687,"y":0.8833228349685669,"z":-0.21926485002040864,"w":-0.402119517326355},"size":10.0,"orthographic":false}